Name,Bat Speed,HH%,GB%,GB SQ%,FB%,FB SQ%
League Average,67.61371487765902,0.41023376081073487,0.3801122630070104,0.6336748706031478,0.6198877369929896,0.7003264502422468
Michael Conforto,71.99163879598662,0.4414715719063545,0.3745819397993311,0.5535714285714286,0.6254180602006689,0.6577540106951871
Enrique Hernandez,67.95384615384616,0.378698224852071,0.3609467455621302,0.6885245901639344,0.6390532544378699,0.7037037037037037
Jon Berti,65.67402597402598,0.37662337662337664,0.5194805194805194,0.625,0.4805194805194805,0.6216216216216216
Miguel Amaya,70.89736842105263,0.32894736842105265,0.27631578947368424,0.5238095238095238,0.7236842105263158,0.6
Pete Crow-Armstrong,69.27516629711751,0.4190687361419069,0.29490022172949004,0.5789473684210527,0.70509977827051,0.6886792452830188
Will Smith,65.3136690647482,0.4712230215827338,0.2697841726618705,0.7066666666666667,0.7302158273381295,0.7684729064039408
Teoscar Hernandez,68.38272251308902,0.4607329842931937,0.4083769633507853,0.6217948717948718,0.5916230366492147,0.6858407079646017
Tommy Edman,66.89792387543253,0.4013840830449827,0.40484429065743943,0.6752136752136753,0.5951557093425606,0.6569767441860465
Michael Busch,64.07279792746114,0.4740932642487047,0.2979274611398964,0.6695652173913044,0.7020725388601037,0.8745387453874539
Shohei Ohtani,73.02276995305164,0.5868544600938967,0.352112676056338,0.5733333333333334,0.647887323943662,0.8007246376811594
Kyle Tucker,70.92355769230768,0.40384615384615385,0.3173076923076923,0.5909090909090909,0.6826923076923077,0.7323943661971831
Miguel Rojas,60.320408163265306,0.3142857142857143,0.4122448979591837,0.7425742574257426,0.5877551020408164,0.7361111111111112
Seiya Suzuki,71.75397590361446,0.4867469879518072,0.27951807228915665,0.6379310344827587,0.7204819277108434,0.6755852842809364
Ian Happ,68.06572104018912,0.4444444444444444,0.3380614657210402,0.5804195804195804,0.6619385342789598,0.7214285714285714
Dansby Swanson,68.47564402810305,0.477751756440281,0.3583138173302108,0.5882352941176471,0.6416861826697893,0.7956204379562044
Matt Shaw,65.42093023255815,0.292358803986711,0.37209302325581395,0.5625,0.627906976744186,0.6402116402116402
Justin Turner,59.538970588235294,0.3088235294117647,0.3235294117647059,0.7954545454545454,0.6764705882352942,0.7934782608695652
Max Muncy,63.98382978723404,0.5148936170212766,0.26382978723404255,0.5483870967741935,0.7361702127659574,0.8092485549132948
Carson Kelly,66.57508532423208,0.40273037542662116,0.310580204778157,0.6813186813186813,0.689419795221843,0.7029702970297029
Andy Pages,70.97066666666666,0.37333333333333335,0.3022222222222222,0.5735294117647058,0.6977777777777778,0.643312101910828
James Wood,73.42228116710875,0.5676392572944297,0.46153846153846156,0.6379310344827587,0.5384615384615384,0.7438423645320197
Jorge Polanco,66.42619647355164,0.45843828715365237,0.3526448362720403,0.6642857142857143,0.6473551637279596,0.7470817120622568
Colt Keith,68.44746835443038,0.43670886075949367,0.3227848101265823,0.5882352941176471,0.6772151898734177,0.7523364485981309
Bryan Reynolds,69.55528846153847,0.46153846153846156,0.4326923076923077,0.6,0.5673076923076923,0.8050847457627118
Luke Raley,68.79918699186992,0.42276422764227645,0.4878048780487805,0.55,0.5121951219512195,0.7142857142857143
Bryson Stott,66.11400966183574,0.2946859903381642,0.35990338164251207,0.6711409395973155,0.6400966183574879,0.6754716981132075
Wyatt Langford,71.77609329446064,0.4839650145772595,0.34402332361516036,0.6610169491525424,0.6559766763848397,0.7466666666666667
Nolan Arenado,70.22804532577904,0.3286118980169972,0.31728045325779036,0.6428571428571429,0.6827195467422096,0.5850622406639004
Tyrone Taylor,66.53541666666666,0.35,0.2875,0.7971014492753623,0.7125,0.5497076023391813
Austin Slater,68.9978947368421,0.49473684210526314,0.43157894736842106,0.6341463414634146,0.5684210526315789,0.8333333333333334
Tyler O'Neill,71.41127819548873,0.39097744360902253,0.2631578947368421,0.4,0.7368421052631579,0.673469387755102
Corey Seager,68.08949152542374,0.535593220338983,0.4,0.5847457627118644,0.6,0.807909604519774
Andrew Vaughn,68.29099099099099,0.4774774774774775,0.3633633633633634,0.7024793388429752,0.6366366366366366,0.7688679245283019
Christian Walker,71.78082524271845,0.46116504854368934,0.33980582524271846,0.6285714285714286,0.6601941747572816,0.6470588235294118
Brendan Donovan,65.26641604010025,0.40852130325814534,0.38345864661654133,0.6797385620915033,0.6165413533834586,0.7845528455284553
LaMonte Wade Jr.,67.58896103896103,0.3181818181818182,0.2727272727272727,0.7380952380952381,0.7272727272727273,0.7232142857142857
Nick Castellanos,67.39618138424821,0.3460620525059666,0.3269689737470167,0.5985401459854015,0.6730310262529833,0.7375886524822695
Tyler Fitzgerald,63.424675324675334,0.2792207792207792,0.37662337662337664,0.603448275862069,0.6233766233766234,0.625
Miguel Andujar,69.14489051094891,0.354014598540146,0.4416058394160584,0.6694214876033058,0.5583941605839416,0.5751633986928104
Brandon Nimmo,66.56453744493393,0.5022026431718062,0.4185022026431718,0.6947368421052632,0.5814977973568282,0.7272727272727273
Oswaldo Cabrera,64.83095238095238,0.34523809523809523,0.44047619047619047,0.7027027027027027,0.5595238095238095,0.8085106382978723
Carlos Santana,64.59024390243901,0.3780487804878049,0.35365853658536583,0.6379310344827587,0.6463414634146342,0.6415094339622641
Willson Contreras,73.41477272727273,0.4914772727272727,0.3664772727272727,0.5503875968992248,0.6335227272727273,0.6412556053811659
Ben Rice,69.61297297297297,0.5594594594594594,0.34864864864864864,0.6666666666666666,0.6513513513513514,0.7468879668049793
Andrew Benintendi,65.85058479532164,0.3713450292397661,0.29239766081871343,0.62,0.7076023391812866,0.7851239669421488
Mark Vientos,64.3297124600639,0.5047923322683706,0.38338658146964855,0.6166666666666667,0.6166134185303515,0.8704663212435233
Marcus Semien,62.559999999999995,0.35064935064935066,0.3012987012987013,0.6724137931034483,0.6987012987012987,0.7695167286245354
Cal Raleigh,73.42238442822384,0.49635036496350365,0.22871046228710462,0.5531914893617021,0.7712895377128953,0.7066246056782335
Ryan O'Hearn,70.39046321525885,0.4250681198910082,0.3814713896457766,0.6,0.6185286103542235,0.7268722466960352
Julio Rodriguez,72.99580838323352,0.4810379241516966,0.45109780439121755,0.5353982300884956,0.5489021956087824,0.6509090909090909
Mike Yastrzemski,68.14746666666667,0.4266666666666667,0.288,0.6111111111111112,0.712,0.7640449438202247
Freddie Freeman,67.00162037037036,0.4583333333333333,0.3541666666666667,0.6993464052287581,0.6458333333333334,0.7598566308243727
Riley Greene,72.31905940594059,0.45544554455445546,0.3564356435643564,0.4722222222222222,0.6435643564356436,0.6423076923076924
Dylan Crews,67.74046511627907,0.39069767441860465,0.4558139534883721,0.5408163265306123,0.5441860465116279,0.6410256410256411
Anthony Santander,69.7410447761194,0.41044776119402987,0.3805970149253731,0.7058823529411765,0.6194029850746269,0.6265060240963856
Gavin Lux,68.16126126126127,0.36936936936936937,0.4264264264264264,0.6901408450704225,0.5735735735735735,0.6910994764397905
Carlos Correa,69.50898345153665,0.46099290780141844,0.4491725768321513,0.6263157894736842,0.5508274231678487,0.6137339055793991
Lane Thomas,66.5879518072289,0.3132530120481928,0.3493975903614458,0.5862068965517241,0.6506024096385542,0.5555555555555556
Josh Naylor,66.50689655172414,0.4202586206896552,0.42887931034482757,0.6934673366834171,0.5711206896551724,0.7094339622641509
Yordan Alvarez,72.74565217391306,0.5289855072463768,0.2971014492753623,0.7317073170731707,0.7028985507246377,0.6907216494845361
Victor Robles,59.79634146341463,0.23170731707317074,0.4634146341463415,0.5789473684210527,0.5365853658536586,0.7727272727272727
Luis Arraez,55.93990228013029,0.16775244299674266,0.38762214983713356,0.8697478991596639,0.6123778501628665,0.8377659574468085
Jose Ramirez,66.84160305343511,0.3702290076335878,0.29389312977099236,0.7207792207792207,0.7061068702290076,0.6918918918918919
Fernando Tatis Jr.,67.43124999999999,0.521551724137931,0.46120689655172414,0.6962616822429907,0.5387931034482759,0.732
Miguel Vargas,67.27660098522168,0.4064039408866995,0.26108374384236455,0.7264150943396226,0.7389162561576355,0.7666666666666667
Ke'Bryan Hayes,68.03155339805825,0.42961165048543687,0.45145631067961167,0.6935483870967742,0.5485436893203883,0.668141592920354
Wilmer Flores,58.04131736526947,0.2694610778443114,0.3023952095808383,0.6732673267326733,0.6976047904191617,0.8197424892703863
Keibert Ruiz,62.65851528384279,0.31004366812227074,0.4148471615720524,0.7789473684210526,0.5851528384279476,0.7761194029850746
Lars Nootbaar,68.48984771573605,0.5,0.3604060913705584,0.6549295774647887,0.6395939086294417,0.6746031746031746
Jordan Westburg,64.03815261044177,0.43373493975903615,0.3855421686746988,0.6041666666666666,0.6144578313253012,0.738562091503268
Vladimir Guerrero Jr.,73.22885771543086,0.5070140280561122,0.4529058116232465,0.588495575221239,0.5470941883767535,0.608058608058608
Lourdes Gurriel Jr.,68.64236111111111,0.38425925925925924,0.3287037037037037,0.6267605633802817,0.6712962962962963,0.6827586206896552
Pete Alonso,71.81762208067941,0.5435244161358811,0.346072186836518,0.5705521472392638,0.6539278131634819,0.7435064935064936
Steven Kwan,54.349391304347826,0.19304347826086957,0.3373913043478261,0.8298969072164949,0.662608695652174,0.8267716535433071
Graham Pauley,64.54173228346458,0.3543307086614173,0.31496062992125984,0.65,0.6850393700787402,0.632183908045977
Gleyber Torres,65.54748858447489,0.3904109589041096,0.3401826484018265,0.6442953020134228,0.6598173515981736,0.7785467128027682
Isaac Paredes,61.321523178807944,0.33774834437086093,0.25496688741721857,0.7532467532467533,0.7450331125827815,0.6977777777777778
Jasson Dominguez,72.37037037037037,0.4962962962962963,0.4111111111111111,0.6936936936936937,0.5888888888888889,0.610062893081761
Jorge Soler,73.8186170212766,0.42021276595744683,0.39893617021276595,0.6,0.601063829787234,0.5929203539823009
Kyle Higashioka,69.63060344827586,0.3922413793103448,0.3103448275862069,0.7083333333333334,0.6896551724137931,0.68125
JJ Bleday,67.74516129032259,0.3870967741935484,0.3225806451612903,0.6571428571428571,0.6774193548387096,0.6802721088435374
Derek Hill,66.66516853932585,0.4943820224719101,0.47191011235955055,0.5952380952380952,0.5280898876404494,0.7659574468085106
Juan Soto,69.97488789237669,0.5538116591928252,0.4125560538116592,0.6195652173913043,0.5874439461883408,0.8015267175572519
Mike Trout,71.63098591549297,0.49295774647887325,0.2746478873239437,0.6025641025641025,0.7253521126760564,0.6456310679611651
Bo Bichette,60.39654471544715,0.4898373983739837,0.4166666666666667,0.7170731707317073,0.5833333333333334,0.7665505226480837
Ceddanne Rafaela,69.04654377880185,0.3870967741935484,0.4078341013824885,0.5875706214689266,0.5921658986175116,0.7315175097276264
Harrison Bader,72.52779552715656,0.4057507987220447,0.36741214057507987,0.5130434782608696,0.6325878594249201,0.5959595959595959
Masyn Winn,66.40101781170483,0.3460559796437659,0.361323155216285,0.7183098591549296,0.638676844783715,0.6334661354581673
Connor Wong,68.0703125,0.3125,0.4296875,0.5454545454545454,0.5703125,0.5342465753424658
Andy Ibanez,67.20331125827816,0.36423841059602646,0.39072847682119205,0.6271186440677966,0.609271523178808,0.7934782608695652
Michael A. Taylor,65.8557894736842,0.43157894736842106,0.30526315789473685,0.5862068965517241,0.6947368421052632,0.7196969696969697
Michael Harris II,69.680081300813,0.4349593495934959,0.46747967479674796,0.5869565217391305,0.532520325203252,0.5954198473282443
Alan Roden,64.96666666666667,0.30392156862745096,0.5686274509803921,0.6896551724137931,0.43137254901960786,0.6136363636363636
Jazz Chisholm Jr.,69.35579937304074,0.43260188087774293,0.34169278996865204,0.5596330275229358,0.658307210031348,0.6761904761904762
Griffin Conine,72.46851851851854,0.48148148148148145,0.46296296296296297,0.56,0.5370370370370371,0.6896551724137931
Nolan Schanuel,60.18679245283019,0.29009433962264153,0.37264150943396224,0.740506329113924,0.6273584905660378,0.7819548872180451
Ketel Marte,71.20902255639098,0.47117794486215536,0.37593984962406013,0.6333333333333333,0.6240601503759399,0.6465863453815262
Francisco Lindor,62.70348162475822,0.44680851063829785,0.32688588007736946,0.6804733727810651,0.6731141199226306,0.7816091954022989
Wilyer Abreu,73.34166666666668,0.4492753623188406,0.2826086956521739,0.5897435897435898,0.717391304347826,0.6262626262626263
Heliot Ramos,70.52961373390559,0.47639484978540775,0.4012875536480687,0.6310160427807486,0.5987124463519313,0.6738351254480287
Taylor Ward,62.351951219512195,0.4268292682926829,0.2926829268292683,0.6666666666666666,0.7073170731707317,0.7827586206896552
Matt McLain,63.36329479768785,0.41040462427745666,0.3439306358381503,0.6134453781512605,0.6560693641618497,0.7973568281938326
Otto Lopez,69.20539956803455,0.38444924406047515,0.43844492440604754,0.6108374384236454,0.5615550755939525,0.6923076923076923
Colton Cowser,71.87878787878788,0.4595959595959596,0.3939393939393939,0.5897435897435898,0.6060606060606061,0.725
Brandon Lockridge,64.11165048543688,0.32038834951456313,0.5436893203883495,0.6428571428571429,0.4563106796116505,0.6808510638297872
Gabriel Arias,71.95127272727272,0.43272727272727274,0.44727272727272727,0.4715447154471545,0.5527272727272727,0.7105263157894737
Jonathan India,69.0741116751269,0.3680203045685279,0.350253807106599,0.6594202898550725,0.649746192893401,0.59375
Jackson Holliday,66.51995515695067,0.4080717488789238,0.4327354260089686,0.5803108808290155,0.5672645739910314,0.758893280632411
Luis Torrens,69.45388349514563,0.48058252427184467,0.47572815533980584,0.6530612244897959,0.5242718446601942,0.7777777777777778
Ozzie Albies,63.982684824902734,0.30739299610894943,0.3093385214007782,0.6666666666666666,0.6906614785992218,0.7549295774647887
Jose Altuve,63.301649484536085,0.30927835051546393,0.3628865979381443,0.6193181818181818,0.6371134020618556,0.6343042071197411
Josh Jung,67.45828571428572,0.4714285714285714,0.36,0.5873015873015873,0.64,0.75
Geraldo Perdomo,63.094905660377364,0.32075471698113206,0.37169811320754714,0.7157360406091371,0.6283018867924528,0.7117117117117117
Jake Meyers,59.00107913669064,0.3920863309352518,0.44964028776978415,0.68,0.5503597122302158,0.6928104575163399
Ernie Clement,63.035080645161294,0.2600806451612903,0.3004032258064516,0.7046979865771812,0.6995967741935484,0.7348703170028819
Lawrence Butler,70.45535714285714,0.44387755102040816,0.4413265306122449,0.5549132947976878,0.5586734693877551,0.684931506849315
TJ Friedl,65.22938689217759,0.321353065539112,0.3763213530655391,0.6179775280898876,0.6236786469344608,0.6711864406779661
Will Wagner,64.42352941176472,0.4117647058823529,0.45098039215686275,0.6086956521739131,0.5490196078431373,0.6964285714285714
Kyle Isbel,60.71553398058252,0.36245954692556637,0.5048543689320388,0.7435897435897436,0.49514563106796117,0.5490196078431373
Andrew McCutchen,65.48105849582171,0.42896935933147634,0.362116991643454,0.6461538461538462,0.637883008356546,0.7205240174672489
Bo Naylor,69.59442379182157,0.3828996282527881,0.2825278810408922,0.5526315789473685,0.7174721189591078,0.694300518134715
Kevin Newman,67.05434782608695,0.29347826086956524,0.4673913043478261,0.6511627906976745,0.532608695652174,0.673469387755102
Luisangel Acuna,64.52374100719425,0.3597122302158273,0.5179856115107914,0.6666666666666666,0.48201438848920863,0.6417910447761194
Jhonkensy Noel,74.61958762886599,0.41237113402061853,0.422680412371134,0.4878048780487805,0.5773195876288659,0.5178571428571429
Kristian Campbell,70.87133757961784,0.42038216560509556,0.49044585987261147,0.6233766233766234,0.5095541401273885,0.6625
Jacob Wilson,55.79196428571429,0.24776785714285715,0.47098214285714285,0.7440758293838863,0.5290178571428571,0.7468354430379747
Ramon Urias,66.29669117647059,0.41911764705882354,0.3786764705882353,0.5922330097087378,0.6213235294117647,0.7869822485207101
Jordan Walker,78.12310924369748,0.5,0.453781512605042,0.6296296296296297,0.5462184873949579,0.4461538461538462
Jake Burger,71.67443609022557,0.4849624060150376,0.34210526315789475,0.6373626373626373,0.6578947368421053,0.5885714285714285
Adolis Garcia,70.21269841269842,0.46825396825396826,0.3386243386243386,0.6953125,0.6613756613756614,0.744
Matt Olson,69.50199115044248,0.5331858407079646,0.3672566371681416,0.6144578313253012,0.6327433628318584,0.7412587412587412
Joey Bart,69.55104166666666,0.4322916666666667,0.4322916666666667,0.5301204819277109,0.5677083333333334,0.6422018348623854
George Springer,70.06326530612246,0.4744897959183674,0.3010204081632653,0.5423728813559322,0.6989795918367347,0.6751824817518248
Cedric Mullins,66.16037151702787,0.3591331269349845,0.2786377708978328,0.6777777777777778,0.7213622291021672,0.7167381974248928
Alejandro Kirk,71.70403022670025,0.5088161209068011,0.40302267002518893,0.7,0.5969773299748111,0.6962025316455697
Matt Chapman,70.92018072289157,0.4759036144578313,0.3885542168674699,0.6976744186046512,0.6114457831325302,0.6157635467980296
Jake Fraley,65.99219858156029,0.3475177304964539,0.2553191489361702,0.5,0.7446808510638298,0.6095238095238096
Cody Bellinger,68.11009900990099,0.3801980198019802,0.29504950495049503,0.6577181208053692,0.7049504950495049,0.6966292134831461
Cavan Biggio,62.51,0.36,0.24,0.6666666666666666,0.76,0.8157894736842105
Ryan Mountcastle,73.39791666666666,0.4708333333333333,0.4083333333333333,0.5204081632653061,0.5916666666666667,0.6408450704225352
Cam Smith,74.1888888888889,0.4084967320261438,0.434640522875817,0.49624060150375937,0.565359477124183,0.5838150289017341
Christian Encarnacion-Strand,73.202,0.44,0.3,0.4,0.7,0.6857142857142857
Ivan Herrera,68.45737704918032,0.4819672131147541,0.43934426229508194,0.6194029850746269,0.5606557377049181,0.7251461988304093
Jonah Bride,54.13513513513514,0.28378378378378377,0.40540540540540543,0.6333333333333333,0.5945945945945946,0.8181818181818182
Logan O'Hoppe,66.83986013986014,0.46853146853146854,0.32867132867132864,0.6382978723404256,0.6713286713286714,0.7864583333333334
Jackson Merrill,66.40976331360947,0.4289940828402367,0.32840236686390534,0.5225225225225225,0.6715976331360947,0.7400881057268722
Nico Hoerner,66.1649727767695,0.30490018148820325,0.3992740471869328,0.7272727272727273,0.6007259528130672,0.7009063444108762
Randal Grichuk,70.42242990654206,0.4953271028037383,0.35514018691588783,0.631578947368421,0.6448598130841121,0.7028985507246377
Javier Baez,69.94308681672024,0.3987138263665595,0.41479099678456594,0.5968992248062015,0.5852090032154341,0.5769230769230769
Kyle Manzardo,66.77588235294118,0.43823529411764706,0.25588235294117645,0.5517241379310345,0.7441176470588236,0.8102766798418972
Andres Gimenez,64.36867924528302,0.2792452830188679,0.4037735849056604,0.5887850467289719,0.5962264150943396,0.7531645569620253
Lenyn Sosa,70.8206106870229,0.4402035623409669,0.28498727735368956,0.5714285714285714,0.7150127226463104,0.7259786476868327
Alec Burleson,69.55380952380952,0.43333333333333335,0.3619047619047619,0.6644736842105263,0.638095238095238,0.7425373134328358
Jeremy Pena,70.87562189054727,0.43034825870646765,0.4552238805970149,0.5245901639344263,0.5447761194029851,0.7168949771689498
Eugenio Suarez,69.61378446115289,0.47619047619047616,0.2781954887218045,0.5855855855855856,0.7218045112781954,0.7361111111111112
Xander Bogaerts,64.83037037037037,0.3925925925925926,0.40987654320987654,0.608433734939759,0.5901234567901235,0.6736401673640168
Luis Rengifo,65.55939849624059,0.3283208020050125,0.44862155388471175,0.6703910614525139,0.5513784461152882,0.6863636363636364
Triston Casas,73.2513888888889,0.4444444444444444,0.3333333333333333,0.3333333333333333,0.6666666666666666,0.625
Yainer Diaz,69.571714922049,0.42316258351893093,0.42316258351893093,0.6210526315789474,0.576837416481069,0.6718146718146718
Josh Bell,72.1509234828496,0.47493403693931396,0.40897097625329815,0.5806451612903226,0.5910290237467019,0.7232142857142857
Starling Marte,68.8780701754386,0.40789473684210525,0.42543859649122806,0.5360824742268041,0.5745614035087719,0.6641221374045801
Gabriel Moreno,69.74622222222222,0.43555555555555553,0.3422222222222222,0.7792207792207793,0.6577777777777778,0.7635135135135135
Joey Ortiz,68.37869674185464,0.3308270676691729,0.42105263157894735,0.6011904761904762,0.5789473684210527,0.4588744588744589
Trea Turner,64.27417355371901,0.4214876033057851,0.4256198347107438,0.6116504854368932,0.5743801652892562,0.7302158273381295
Jeimer Candelario,69.66415094339622,0.2830188679245283,0.4716981132075472,0.52,0.5283018867924528,0.7142857142857143
Gio Urshela,64.29652777777778,0.3402777777777778,0.4027777777777778,0.603448275862069,0.5972222222222222,0.7558139534883721
Alex Bregman,69.80904109589041,0.4438356164383562,0.3452054794520548,0.6666666666666666,0.6547945205479452,0.7949790794979079
Sal Frelick,62.5443956043956,0.27472527472527475,0.4197802197802198,0.7015706806282722,0.5802197802197803,0.6477272727272727
Hunter Renfroe,72.05443037974685,0.35443037974683544,0.3924050632911392,0.5161290322580645,0.6075949367088608,0.5
Luis Garcia Jr.,70.4883495145631,0.4587378640776699,0.41019417475728154,0.6449704142011834,0.5898058252427184,0.7283950617283951
Willy Adames,68.87071428571429,0.42857142857142855,0.24761904761904763,0.41346153846153844,0.7523809523809524,0.7120253164556962
Manny Machado,73.2601226993865,0.5153374233128835,0.35991820040899797,0.6306818181818182,0.6400817995910021,0.7188498402555911
Tyler Soderstrom,68.76421800947867,0.4976303317535545,0.4549763033175355,0.6041666666666666,0.5450236966824644,0.717391304347826
Michael Massey,66.2325892857143,0.33035714285714285,0.26339285714285715,0.711864406779661,0.7366071428571429,0.6545454545454545
Tim Anderson,68.6290909090909,0.36363636363636365,0.5818181818181818,0.5,0.41818181818181815,0.8260869565217391
Byron Buxton,74.56724637681158,0.5391304347826087,0.3130434782608696,0.5,0.6869565217391305,0.7046413502109705
Adley Rutschman,65.64569288389512,0.3857677902621723,0.39325842696629215,0.7047619047619048,0.6067415730337079,0.8209876543209876
Xavier Edwards,60.87735849056604,0.29559748427672955,0.44863731656184486,0.7383177570093458,0.5513626834381551,0.7338403041825095
Elly De La Cruz,70.68769574944072,0.4429530201342282,0.4697986577181208,0.6095238095238096,0.5302013422818792,0.6708860759493671
Luis Robert Jr.,74.13088235294117,0.41911764705882354,0.33455882352941174,0.5384615384615384,0.6654411764705882,0.574585635359116
Jarren Duran,70.89647577092512,0.46916299559471364,0.3876651982378855,0.625,0.6123348017621145,0.6258992805755396
Matt Wallner,73.5067264573991,0.45739910313901344,0.29596412556053814,0.5606060606060606,0.7040358744394619,0.554140127388535
CJ Abrams,68.72418300653595,0.39215686274509803,0.3638344226579521,0.5988023952095808,0.6361655773420479,0.6198630136986302
Vinnie Pasquantino,69.72490347490347,0.44787644787644787,0.3532818532818533,0.6612021857923497,0.6467181467181468,0.7014925373134329
Orlando Arcia,64.15225806451613,0.3419354838709677,0.47096774193548385,0.6027397260273972,0.5290322580645161,0.7195121951219512
Nick Fortes,66.25632183908046,0.3793103448275862,0.4482758620689655,0.6923076923076923,0.5517241379310345,0.5625
Brayan Rocchio,65.08840579710146,0.35507246376811596,0.37681159420289856,0.6634615384615384,0.6231884057971014,0.7383720930232558
Elias Diaz,67.2172972972973,0.3891891891891892,0.34594594594594597,0.734375,0.654054054054054,0.5702479338842975
J.P. Crawford,67.41570796460178,0.3495575221238938,0.39823008849557523,0.7,0.6017699115044248,0.5955882352941176
Jose Trevino,62.867206477732786,0.4089068825910931,0.43724696356275305,0.6388888888888888,0.562753036437247,0.762589928057554
Bobby Witt Jr.,69.76035856573705,0.48804780876494025,0.3545816733067729,0.651685393258427,0.6454183266932271,0.7037037037037037
Bryce Harper,70.73759791122716,0.4751958224543081,0.391644908616188,0.6533333333333333,0.608355091383812,0.6266094420600858
Christian Yelich,71.6539408866995,0.46551724137931033,0.5443349753694581,0.5656108597285068,0.45566502463054187,0.7135135135135136
Jacob Amaya,59.20925925925926,0.2962962962962963,0.5185185185185185,0.8571428571428571,0.48148148148148145,0.8076923076923077
Jacob Young,61.48283582089552,0.34328358208955223,0.5261194029850746,0.6879432624113475,0.47388059701492535,0.7874015748031497
Victor Scott II,56.562751677852354,0.26174496644295303,0.3691275167785235,0.6909090909090909,0.6308724832214765,0.675531914893617
Jake Cronenworth,67.0498452012384,0.39009287925696595,0.37770897832817335,0.6721311475409836,0.6222910216718266,0.6965174129353234
Jake McCarthy,62.91588235294118,0.27647058823529413,0.5176470588235295,0.6022727272727273,0.4823529411764706,0.6951219512195121
Jake Rogers,69.0206896551724,0.40229885057471265,0.3793103448275862,0.6666666666666666,0.6206896551724138,0.7222222222222222
Marcell Ozuna,68.12385057471263,0.4482758620689655,0.3563218390804598,0.5887096774193549,0.6436781609195402,0.75
Mookie Betts,62.85800376647834,0.3578154425612053,0.3013182674199623,0.7375,0.6986817325800376,0.7816711590296496
Jo Adell,75.81462765957447,0.5,0.3324468085106383,0.528,0.6675531914893617,0.5976095617529881
Brice Turang,66.80909090909091,0.475,0.4022727272727273,0.6384180790960452,0.5977272727272728,0.7984790874524715
Anthony Volpe,70.53809523809522,0.41854636591478694,0.37844611528822053,0.6291390728476821,0.6215538847117794,0.7338709677419355
Vinny Capra,65.45,0.33783783783783783,0.5,0.7027027027027027,0.5,0.6756756756756757
Matt Mervis,70.79295774647886,0.38028169014084506,0.323943661971831,0.6086956521739131,0.676056338028169,0.6875
Dane Myers,61.51298701298701,0.4199134199134199,0.4199134199134199,0.711340206185567,0.5800865800865801,0.7910447761194029
Austin Riley,72.48339100346021,0.5017301038062284,0.3217993079584775,0.5483870967741935,0.6782006920415224,0.6479591836734694
Patrick Bailey,69.87894736842105,0.3649122807017544,0.3333333333333333,0.6210526315789474,0.6666666666666666,0.6421052631578947
Ty France,69.25592286501377,0.44352617079889806,0.4214876033057851,0.6209150326797386,0.5785123966942148,0.7333333333333333
Jurickson Profar,63.534496124031,0.40310077519379844,0.3333333333333333,0.7674418604651163,0.6666666666666666,0.6569767441860465
Nick Gonzales,66.48360128617364,0.3890675241157556,0.4115755627009646,0.640625,0.5884244372990354,0.73224043715847
Oneil Cruz,73.81166666666667,0.57,0.4633333333333333,0.6618705035971223,0.5366666666666666,0.6832298136645962
Isaac Collins,69.57473684210527,0.3894736842105263,0.4070175438596491,0.6982758620689655,0.5929824561403508,0.591715976331361
Ryan Jeffers,68.25238095238095,0.4222222222222222,0.346031746031746,0.5963302752293578,0.653968253968254,0.6747572815533981
Josh Smith,64.32688442211055,0.31155778894472363,0.3869346733668342,0.6623376623376623,0.6130653266331658,0.7295081967213115
Randy Arozarena,68.66510538641687,0.5058548009367682,0.38875878220140514,0.6927710843373494,0.6112412177985949,0.7471264367816092
Paul Goldschmidt,72.05115681233933,0.43958868894601544,0.31362467866323906,0.5737704918032787,0.6863753213367609,0.7078651685393258
Drake Baldwin,74.14688427299703,0.49554896142433236,0.4658753709198813,0.5987261146496815,0.5341246290801187,0.6611111111111111
Aaron Judge,71.84728682170542,0.5839793281653747,0.27906976744186046,0.6111111111111112,0.7209302325581395,0.7204301075268817
Shea Langeliers,70.85485564304462,0.44881889763779526,0.33858267716535434,0.5813953488372093,0.6614173228346457,0.6468253968253969
Rafael Devers,66.98444976076556,0.562200956937799,0.3923444976076555,0.6707317073170732,0.6076555023923444,0.7913385826771654
Salvador Perez,71.17928118393235,0.46723044397463004,0.32346723044397463,0.5620915032679739,0.6765327695560254,0.671875
Austin Wells,71.16292517006804,0.4523809523809524,0.29591836734693877,0.6436781609195402,0.7040816326530612,0.6618357487922706
Alec Bohm,69.61834625322999,0.46511627906976744,0.4444444444444444,0.6686046511627907,0.5555555555555556,0.7302325581395349
Trevor Larnach,67.5576227390181,0.4573643410852713,0.42118863049095606,0.7116564417177914,0.5788113695090439,0.6830357142857143
Kyle Schwarber,75.54313725490196,0.5955882352941176,0.29411764705882354,0.575,0.7058823529411765,0.71875
Trent Grisham,67.30195530726257,0.46368715083798884,0.3268156424581006,0.6153846153846154,0.6731843575418994,0.8091286307053942
Spencer Steer,69.63210526315788,0.33421052631578946,0.31842105263157894,0.5619834710743802,0.6815789473684211,0.6640926640926641
Maikel Garcia,69.70926640926639,0.4517374517374517,0.4305019305019305,0.726457399103139,0.5694980694980695,0.6983050847457627
Kerry Carpenter,70.78588957055214,0.4723926380368098,0.27300613496932513,0.6966292134831461,0.7269938650306749,0.7932489451476793
Rhys Hoskins,66.00721649484537,0.4639175257731959,0.24742268041237114,0.75,0.7525773195876289,0.7397260273972602
Max Kepler,70.32935779816515,0.44954128440366975,0.3333333333333333,0.7064220183486238,0.6666666666666666,0.7431192660550459
Trevor Story,64.99793577981652,0.4724770642201835,0.3761467889908257,0.6341463414634146,0.6238532110091743,0.7242647058823529
Jason Heyward,71.66764705882352,0.3382352941176471,0.39705882352941174,0.5185185185185185,0.6029411764705882,0.5853658536585366
Brendan Rodgers,70.66857142857143,0.4857142857142857,0.38571428571428573,0.5185185185185185,0.6142857142857143,0.6744186046511628
William Contreras,71.22084257206208,0.48558758314855877,0.4501108647450111,0.6059113300492611,0.549889135254989,0.7983870967741935
Max Muncy,70.39064748201439,0.3237410071942446,0.4316546762589928,0.4666666666666667,0.5683453237410072,0.5949367088607594
Tommy Pham,70.43465346534653,0.47194719471947194,0.49174917491749176,0.6308724832214765,0.5082508250825083,0.7207792207792207
Kyle Stowers,72.513309352518,0.5215827338129496,0.3489208633093525,0.5979381443298969,0.6510791366906474,0.6795580110497238
Chas McCormick,62.52027027027026,0.2972972972972973,0.3783783783783784,0.5357142857142857,0.6216216216216216,0.6304347826086957
Gavin Sheets,74.24108527131783,0.46770025839793283,0.35142118863049093,0.5808823529411765,0.648578811369509,0.6254980079681275
Corbin Carroll,71.79685230024212,0.5012106537530266,0.324455205811138,0.5597014925373134,0.6755447941888619,0.7060931899641577
Joc Pederson,69.1875,0.45,0.36,0.6805555555555556,0.64,0.6953125
Spencer Torkelson,70.59248120300751,0.45112781954887216,0.23809523809523808,0.5684210526315789,0.7619047619047619,0.694078947368421
Nathaniel Lowe,70.68955613577023,0.4177545691906005,0.39425587467362927,0.5165562913907285,0.6057441253263708,0.6594827586206896
Rowdy Tellez,70.0732057416268,0.46411483253588515,0.36363636363636365,0.6842105263157895,0.6363636363636364,0.6541353383458647
Zach McKinstry,63.40605187319885,0.30547550432276654,0.34293948126801155,0.5630252100840336,0.6570605187319885,0.7324561403508771
Isiah Kiner-Falefa,61.43305555555556,0.275,0.5166666666666667,0.6451612903225806,0.48333333333333334,0.6724137931034483
Willi Castro,68.44828767123288,0.3732876712328767,0.3664383561643836,0.5233644859813084,0.6335616438356164,0.6756756756756757
Jesse Winker,70.05098039215686,0.45098039215686275,0.3137254901960784,0.6875,0.6862745098039216,0.6857142857142857
J.T. Realmuto,67.72420212765957,0.45478723404255317,0.40691489361702127,0.5555555555555556,0.5930851063829787,0.7219730941704036
Kyle Farmer,62.76729857819906,0.35545023696682465,0.35545023696682465,0.64,0.6445497630331753,0.7794117647058824
Nick Allen,57.32730496453901,0.21631205673758866,0.41843971631205673,0.7711864406779662,0.5815602836879432,0.6951219512195121
Hunter Goodman,70.66821705426356,0.4728682170542636,0.3281653746770026,0.6141732283464567,0.6718346253229974,0.6730769230769231
Brent Rooker,70.4291754756871,0.44820295983086683,0.3298097251585624,0.5833333333333334,0.6701902748414377,0.6466876971608833
Ryan McMahon,70.34472049689441,0.5062111801242236,0.38509316770186336,0.6532258064516129,0.6149068322981367,0.7575757575757576
Jose Herrera,58.642105263157895,0.22556390977443608,0.40601503759398494,0.7407407407407407,0.5939849624060151,0.6455696202531646
Yandy Diaz,68.75476673427991,0.5273833671399595,0.5111561866125761,0.6587301587301587,0.48884381338742394,0.7178423236514523
Trey Sweeney,71.95485436893205,0.35436893203883496,0.4174757281553398,0.5232558139534884,0.5825242718446602,0.5833333333333334
Martin Maldonado,64.4375,0.28125,0.375,0.5555555555555556,0.625,0.6333333333333333
Leody Taveras,61.352799999999995,0.352,0.36,0.6888888888888889,0.64,0.6
Dylan Moore,68.68999999999998,0.34285714285714286,0.3,0.5714285714285714,0.7,0.5918367346938775
Liam Hicks,63.15214285714285,0.2785714285714286,0.39285714285714285,0.6363636363636364,0.6071428571428571,0.7470588235294118
Taylor Walls,63.322272727272725,0.2636363636363636,0.35909090909090907,0.6582278481012658,0.6409090909090909,0.7659574468085106
Jonah Heim,64.8974358974359,0.358974358974359,0.38461538461538464,0.7333333333333333,0.6153846153846154,0.7395833333333334
Alek Thomas,65.25297805642634,0.3949843260188088,0.49843260188087773,0.6540880503144654,0.5015673981191222,0.75
Adam Frazier,62.69563953488372,0.2063953488372093,0.3372093023255814,0.6896551724137931,0.6627906976744186,0.75
Josh Lowe,68.9156794425087,0.397212543554007,0.40069686411149824,0.5826086956521739,0.5993031358885017,0.7151162790697675
Jordan Beck,66.82774725274724,0.3873626373626374,0.3626373626373626,0.4772727272727273,0.6373626373626373,0.646551724137931
Pavin Smith,69.01558441558441,0.461038961038961,0.37012987012987014,0.6842105263157895,0.6298701298701299,0.7319587628865979
Mitch Garver,66.73954802259888,0.4689265536723164,0.3107344632768362,0.6181818181818182,0.6892655367231638,0.7786885245901639
Christopher Morel,74.50828402366864,0.4970414201183432,0.31952662721893493,0.5925925925925926,0.6804733727810651,0.6782608695652174
Junior Caminero,74.02644628099173,0.5144628099173554,0.4462809917355372,0.5509259259259259,0.5537190082644629,0.5932835820895522
Brandon Lowe,71.75662983425414,0.46685082872928174,0.3370165745856354,0.5983606557377049,0.6629834254143646,0.7166666666666667
Donovan Solano,55.151562500000004,0.375,0.4375,0.7678571428571429,0.5625,0.8194444444444444
Miles Mastrobuoni,55.82890625,0.3671875,0.453125,0.6896551724137931,0.546875,0.8
Nathan Lukes,61.779341317365265,0.3712574850299401,0.44011976047904194,0.7891156462585034,0.5598802395209581,0.7005347593582888
Dillon Dingler,69.38803680981596,0.4570552147239264,0.3098159509202454,0.5742574257425742,0.6901840490797546,0.7111111111111111
Brett Baty,70.76968641114983,0.47038327526132406,0.4912891986062718,0.6028368794326241,0.5087108013937283,0.6506849315068494
Ezequiel Tovar,66.54869888475835,0.3903345724907063,0.2936802973977695,0.569620253164557,0.7063197026022305,0.6263157894736842
Nick Martini,68.78192771084336,0.3132530120481928,0.3855421686746988,0.65625,0.6144578313253012,0.6078431372549019
Luis Urias,67.41836734693878,0.3020408163265306,0.4,0.6224489795918368,0.6,0.7142857142857143
Curtis Mead,72.59378531073446,0.3502824858757062,0.3333333333333333,0.6101694915254238,0.6666666666666666,0.5932203389830508
Jose Caballero,60.47837837837838,0.3063063063063063,0.35135135135135137,0.6923076923076923,0.6486486486486487,0.6736111111111112
Kameron Misner,66.91221374045801,0.29770992366412213,0.3816793893129771,0.48,0.6183206106870229,0.6419753086419753
Brenton Doyle,66.84103260869566,0.4483695652173913,0.421195652173913,0.6451612903225806,0.5788043478260869,0.7230046948356808
Jonathan Aranda,66.0106463878327,0.5475285171102662,0.311787072243346,0.7926829268292683,0.688212927756654,0.7624309392265194
Jackson Chourio,71.34091954022989,0.42298850574712643,0.4,0.5862068965517241,0.6,0.685823754789272
Jung Hoo Lee,64.63326572008114,0.3204868154158215,0.4056795131845842,0.71,0.5943204868154158,0.726962457337884
Eric Wagaman,70.46000000000001,0.46578947368421053,0.4,0.6513157894736842,0.6,0.6447368421052632
Edmundo Sosa,67.85392670157069,0.38219895287958117,0.418848167539267,0.55,0.581151832460733,0.7207207207207207
Mauricio Dubon,63.71812688821751,0.2628398791540785,0.37462235649546827,0.5887096774193549,0.6253776435045317,0.6038647342995169
Brandon Marsh,68.49490909090909,0.46545454545454545,0.36363636363636365,0.67,0.6363636363636364,0.7657142857142857
Casey Schmitt,67.40429184549356,0.43776824034334766,0.27896995708154504,0.5384615384615384,0.721030042918455,0.7261904761904762
Christian Vazquez,64.75414012738854,0.27388535031847133,0.34394904458598724,0.6666666666666666,0.6560509554140127,0.6990291262135923
Javier Sanoja,62.66978417266187,0.35251798561151076,0.43884892086330934,0.8032786885245902,0.5611510791366906,0.6987179487179487
Zach Dezenzo,72.07704918032786,0.4098360655737705,0.3114754098360656,0.5789473684210527,0.6885245901639344,0.5952380952380952
Ezequiel Duran,67.46842105263158,0.3092105263157895,0.3684210526315789,0.6785714285714286,0.631578947368421,0.5625
Santiago Espinal,62.7660447761194,0.2574626865671642,0.39552238805970147,0.7169811320754716,0.6044776119402985,0.691358024691358
Luis Matos,72.15616438356165,0.3767123287671233,0.410958904109589,0.6,0.589041095890411,0.6395348837209303
Victor Caratini,70.47473684210526,0.4070175438596491,0.38596491228070173,0.5818181818181818,0.6140350877192983,0.7257142857142858
Danny Jansen,64.92634146341464,0.3902439024390244,0.24390243902439024,0.62,0.7560975609756098,0.7225806451612903
Amed Rosario,66.21324503311259,0.4503311258278146,0.4503311258278146,0.6617647058823529,0.5496688741721855,0.6867469879518072
Jack Suwinski,67.66344086021505,0.3870967741935484,0.3118279569892473,0.3793103448275862,0.6881720430107527,0.640625
Brooks Baldwin,65.73863636363636,0.4090909090909091,0.37727272727272726,0.6867469879518072,0.6227272727272727,0.7883211678832117
Mickey Gasper,67.07532467532467,0.3116883116883117,0.36363636363636365,0.7142857142857143,0.6363636363636364,0.6326530612244898
Matt Thaiss,69.21441441441442,0.43243243243243246,0.3783783783783784,0.5952380952380952,0.6216216216216216,0.6231884057971014
Michael Toglia,71.14335260115607,0.4393063583815029,0.2947976878612717,0.5098039215686274,0.7052023121387283,0.6967213114754098
Jared Triolo,68.26061776061776,0.38223938223938225,0.3667953667953668,0.6526315789473685,0.6332046332046332,0.6707317073170732
Davis Schneider,68.96821705426356,0.4108527131782946,0.2713178294573643,0.5142857142857142,0.7286821705426356,0.776595744680851
Kody Clemens,69.58217054263567,0.4844961240310077,0.3178294573643411,0.5487804878048781,0.6821705426356589,0.8011363636363636
Riley Adams,77.92302631578947,0.5263157894736842,0.45394736842105265,0.5362318840579711,0.5460526315789473,0.5662650602409639
Nolan Jones,67.61229508196722,0.4713114754098361,0.3770491803278688,0.6630434782608695,0.6229508196721312,0.743421052631579
Daniel Schneemann,67.88244274809162,0.4198473282442748,0.4122137404580153,0.5462962962962963,0.5877862595419847,0.7857142857142857
Gary Sanchez,63.678125,0.578125,0.375,0.7083333333333334,0.625,0.775
Heston Kjerstad,64.06160714285714,0.4107142857142857,0.35714285714285715,0.65,0.6428571428571429,0.7777777777777778
Carlos Narvaez,69.14527027027027,0.44594594594594594,0.4222972972972973,0.72,0.5777027027027027,0.7602339181286549
Paul DeJong,71.90634920634923,0.3968253968253968,0.21428571428571427,0.4074074074074074,0.7857142857142857,0.6565656565656566
J.C. Escarra,66.62083333333334,0.4305555555555556,0.4444444444444444,0.78125,0.5555555555555556,0.7
David Hamilton,66.47593984962406,0.2781954887218045,0.37593984962406013,0.62,0.6240601503759399,0.6024096385542169
Jake Bauers,75.06048387096774,0.4596774193548387,0.3225806451612903,0.575,0.6774193548387096,0.6547619047619048
Jose Tena,66.60619469026548,0.415929203539823,0.5398230088495575,0.7377049180327869,0.46017699115044247,0.7884615384615384
Yoan Moncada,69.85657142857144,0.4342857142857143,0.34285714285714286,0.6666666666666666,0.6571428571428571,0.6521739130434783
Oswald Peraza,71.20426829268293,0.3902439024390244,0.4695121951219512,0.6363636363636364,0.5304878048780488,0.6206896551724138
Jose Iglesias,62.56039215686275,0.28627450980392155,0.5333333333333333,0.6397058823529411,0.4666666666666667,0.6470588235294118
Johan Rojas,57.44117647058823,0.35294117647058826,0.5126050420168067,0.7377049180327869,0.48739495798319327,0.5517241379310345
Kyren Paris,63.836363636363636,0.48484848484848486,0.2727272727272727,0.6111111111111112,0.7272727272727273,0.6666666666666666
Rafael Marchan,61.32777777777779,0.2222222222222222,0.45555555555555555,0.7804878048780488,0.5444444444444444,0.7346938775510204
Jake Mangum,61.25994065281899,0.33827893175074186,0.5845697329376854,0.7208121827411168,0.41543026706231456,0.7571428571428571
Myles Straw,58.48427947598253,0.27074235807860264,0.36681222707423583,0.75,0.6331877729257642,0.7931034482758621
Garrett Hampson,57.452941176470596,0.19607843137254902,0.37254901960784315,0.7368421052631579,0.6274509803921569,0.6875
Enmanuel Valdez,61.044000000000004,0.4266666666666667,0.3333333333333333,0.68,0.6666666666666666,0.8
Tyler Heineman,58.904799999999994,0.224,0.384,0.6666666666666666,0.616,0.6233766233766234
Freddy Fermin,63.60536398467433,0.34099616858237547,0.4367816091954023,0.7631578947368421,0.5632183908045977,0.6870748299319728
Austin Wynns,67.02191780821917,0.4657534246575342,0.3698630136986301,0.5555555555555556,0.6301369863013698,0.717391304347826
Pedro Pages,69.99108527131781,0.3682170542635659,0.3953488372093023,0.5196078431372549,0.6046511627906976,0.5897435897435898
Travis d'Arnaud,64.3592857142857,0.37857142857142856,0.35714285714285715,0.66,0.6428571428571429,0.7222222222222222
Nolan Gorman,68.9683486238532,0.41284403669724773,0.21559633027522937,0.5106382978723404,0.7844036697247706,0.7017543859649122
Tyler Freeman,64.85015105740182,0.40483383685800606,0.48942598187311176,0.7530864197530864,0.5105740181268882,0.6923076923076923
Ben Rortvedt,62.5065934065934,0.1978021978021978,0.4175824175824176,0.5526315789473685,0.5824175824175825,0.4528301886792453
Jacob Stallings,64.9675,0.2625,0.4375,0.5428571428571428,0.5625,0.8666666666666667
Max Schuemann,62.338815789473685,0.32894736842105265,0.39473684210526316,0.7166666666666667,0.6052631578947368,0.7282608695652174
Mickey Moniak,72.91134969325154,0.4539877300613497,0.29754601226993865,0.5360824742268041,0.7024539877300614,0.6724890829694323
Ramon Laureano,67.52746913580248,0.49074074074074076,0.3425925925925926,0.6126126126126126,0.6574074074074074,0.7183098591549296
Mark Canha,65.62747252747253,0.32967032967032966,0.34065934065934067,0.6774193548387096,0.6593406593406593,0.7166666666666667
Rob Refsnyder,72.28076923076924,0.5230769230769231,0.38461538461538464,0.7,0.6153846153846154,0.7125
Justyn-Henry Malloy,68.43378378378378,0.3108108108108108,0.28378378378378377,0.42857142857142855,0.7162162162162162,0.6415094339622641
Edouard Julien,67.74471544715448,0.42276422764227645,0.4146341463414634,0.6078431372549019,0.5853658536585366,0.8333333333333334
Austin Hedges,65.23474576271188,0.3220338983050847,0.2796610169491525,0.5454545454545454,0.7203389830508474,0.6705882352941176
Romy Gonzalez,72.09747899159663,0.5756302521008403,0.4789915966386555,0.6842105263157895,0.5210084033613446,0.7580645161290323
DaShawn Keirsey Jr.,65.31346153846152,0.34615384615384615,0.5,0.6538461538461539,0.5,0.6923076923076923
Christian Koss,62.459701492537306,0.3358208955223881,0.48507462686567165,0.6,0.5149253731343284,0.7536231884057971
Alex Call,62.54136363636364,0.29545454545454547,0.39090909090909093,0.7790697674418605,0.6090909090909091,0.7910447761194029
Chris Taylor,67.4625,0.3611111111111111,0.2916666666666667,0.5238095238095238,0.7083333333333334,0.6470588235294118
Hayden Senger,66.525,0.38461538461538464,0.4807692307692308,0.76,0.5192307692307693,0.6296296296296297
Eli White,68.28548387096774,0.40860215053763443,0.3924731182795699,0.547945205479452,0.6075268817204301,0.6194690265486725
Dylan Carlson,63.984146341463415,0.3048780487804878,0.3048780487804878,0.7,0.6951219512195121,0.7982456140350878
Gunnar Henderson,74.10498866213153,0.4943310657596372,0.46258503401360546,0.6617647058823529,0.5374149659863946,0.620253164556962
Alexander Canario,74.76934306569345,0.43795620437956206,0.3722627737226277,0.4117647058823529,0.6277372262773723,0.6046511627906976
Tim Tawa,69.59928571428573,0.42142857142857143,0.4714285714285714,0.5303030303030303,0.5285714285714286,0.6621621621621622
Thomas Saggese,66.14615384615385,0.441025641025641,0.3641025641025641,0.7323943661971831,0.6358974358974359,0.7016129032258065
Mike Tauchman,65.61686746987951,0.3895582329317269,0.3293172690763052,0.6707317073170732,0.6706827309236948,0.7425149700598802
Yohel Pozo,67.74525547445256,0.35766423357664234,0.35766423357664234,0.7346938775510204,0.6423357664233577,0.6022727272727273
Hunter Feduccia,67.68688524590165,0.32786885245901637,0.3770491803278688,0.6521739130434783,0.6229508196721312,0.631578947368421
Sean Murphy,70.02780748663102,0.43315508021390375,0.4385026737967914,0.5121951219512195,0.5614973262032086,0.7047619047619048
Leo Rivas,60.57575757575757,0.19696969696969696,0.4090909090909091,0.6666666666666666,0.5909090909090909,0.8717948717948718
Dominic Canzone,69.17043010752688,0.5,0.40860215053763443,0.7236842105263158,0.5913978494623656,0.7363636363636363
Drew Waters,67.81103448275863,0.2896551724137931,0.4,0.5689655172413793,0.6,0.6091954022988506
Angel Martinez,64.29942028985508,0.2927536231884058,0.3391304347826087,0.6923076923076923,0.6608695652173913,0.6535087719298246
Chase Meidroth,64.2994750656168,0.36220472440944884,0.49868766404199477,0.7315789473684211,0.5013123359580053,0.8324607329842932
Henry Davis,70.39562841530054,0.37158469945355194,0.28415300546448086,0.6730769230769231,0.7158469945355191,0.5648854961832062
Noelvi Marte,70.28174603174604,0.36904761904761907,0.4246031746031746,0.6074766355140186,0.5753968253968254,0.6068965517241379
Joshua Palacios,64.69565217391305,0.40217391304347827,0.40217391304347827,0.5405405405405406,0.5978260869565217,0.6363636363636364
Adael Amador,63.39431818181818,0.25,0.4090909090909091,0.75,0.5909090909090909,0.5192307692307693
Brooks Lee,63.593999999999994,0.385,0.4025,0.6894409937888198,0.5975,0.7573221757322176
Nasim Nunez,64.2328125,0.421875,0.453125,0.5517241379310345,0.546875,0.9142857142857143
Tyler Wade,55.041250000000005,0.15,0.4875,0.6923076923076923,0.5125,0.6341463414634146
Austin Hays,68.61745454545455,0.3890909090909091,0.3563636363636364,0.5102040816326531,0.6436363636363637,0.711864406779661
Jesus Sanchez,72.2075801749271,0.43440233236151604,0.4227405247813411,0.5655172413793104,0.577259475218659,0.6262626262626263
Addison Barger,74.13255131964809,0.5102639296187683,0.39589442815249265,0.6222222222222222,0.6041055718475073,0.6116504854368932
Ben Williamson,65.4693023255814,0.4046511627906977,0.5581395348837209,0.6833333333333333,0.4418604651162791,0.6
Connor Joe,69.72156862745098,0.37254901960784315,0.35294117647058826,0.7777777777777778,0.6470588235294118,0.6666666666666666
Connor Norby,63.662331838565024,0.3721973094170404,0.30493273542600896,0.4117647058823529,0.695067264573991,0.7677419354838709
Edgar Quero,64.53006756756757,0.46283783783783783,0.46283783783783783,0.7664233576642335,0.5371621621621622,0.8742138364779874
Vidal Brujan,59.43432835820895,0.373134328358209,0.40298507462686567,0.6666666666666666,0.5970149253731343,0.8
Caleb Durbin,63.17213930348259,0.26865671641791045,0.39800995024875624,0.65,0.6019900497512438,0.6611570247933884
Zach Neto,67.98100558659218,0.4664804469273743,0.30726256983240224,0.5818181818181818,0.6927374301675978,0.8064516129032258
Luke Keaschall,59.55194805194805,0.3116883116883117,0.4090909090909091,0.7936507936507936,0.5909090909090909,0.7252747252747253
Alex Verdugo,56.092121212121214,0.4303030303030303,0.4121212121212121,0.7647058823529411,0.5878787878787879,0.7835051546391752
Chandler Simpson,57.440266666666666,0.17333333333333334,0.576,0.6944444444444444,0.424,0.7861635220125787
Braxton Fulford,67.57066666666667,0.38666666666666666,0.3333333333333333,0.56,0.6666666666666666,0.6
Ronny Simon,67.65076923076921,0.36923076923076925,0.49230769230769234,0.65625,0.5076923076923077,0.5454545454545454
Agustin Ramirez,72.72159624413146,0.47183098591549294,0.460093896713615,0.576530612244898,0.539906103286385,0.5782608695652174
Weston Wilson,67.28076923076922,0.41025641025641024,0.38461538461538464,0.5666666666666667,0.6153846153846154,0.6666666666666666
Nick Kurtz,72.30664206642066,0.5129151291512916,0.3284132841328413,0.48314606741573035,0.6715867158671587,0.6648351648351648
Jeff McNeil,67.66285714285715,0.32857142857142857,0.32285714285714284,0.6991150442477876,0.6771428571428572,0.6540084388185654
Francisco Alvarez,70.29075144508673,0.5433526011560693,0.44508670520231214,0.6493506493506493,0.5549132947976878,0.7916666666666666
Jorge Barrosa,61.763461538461534,0.3076923076923077,0.40384615384615385,0.5714285714285714,0.5961538461538461,0.8709677419354839
Jonatan Clase,66.46249999999999,0.3611111111111111,0.4027777777777778,0.5172413793103449,0.5972222222222222,0.5813953488372093
Daulton Varsho,69.31363636363636,0.4034090909090909,0.26136363636363635,0.45652173913043476,0.7386363636363636,0.6846153846153846
Tyler Stephenson,67.13494623655913,0.4946236559139785,0.3333333333333333,0.532258064516129,0.6666666666666666,0.8064516129032258
Emmanuel Rivera,65.84791666666666,0.3229166666666667,0.375,0.6388888888888888,0.625,0.7333333333333333
Coby Mayo,70.96179775280898,0.3595505617977528,0.2696629213483146,0.5625,0.7303370786516854,0.49230769230769234
Josh Rojas,62.265957446808514,0.375886524822695,0.36879432624113473,0.7884615384615384,0.6312056737588653,0.7752808988764045
Abraham Toro,66.13738738738739,0.34234234234234234,0.3963963963963964,0.5909090909090909,0.6036036036036037,0.664179104477612
Hyeseong Kim,64.93818181818182,0.2818181818181818,0.41818181818181815,0.6304347826086957,0.5818181818181818,0.78125
Royce Lewis,69.17214765100671,0.40268456375838924,0.32550335570469796,0.7010309278350515,0.674496644295302,0.6567164179104478
Liover Peguero,66.1909090909091,0.32727272727272727,0.5454545454545454,0.43333333333333335,0.45454545454545453,0.48
Evan Carter,65.16732026143791,0.3464052287581699,0.3790849673202614,0.6206896551724138,0.6209150326797386,0.7052631578947368
James Outman,71.5605633802817,0.39436619718309857,0.323943661971831,0.4782608695652174,0.676056338028169,0.6458333333333334
Sam Haggerty,68.6888,0.424,0.488,0.6065573770491803,0.512,0.546875
Nick Sogard,62.78611111111112,0.3472222222222222,0.3611111111111111,0.6153846153846154,0.6388888888888888,0.717391304347826
Will Benson,66.07100591715977,0.5384615384615384,0.3136094674556213,0.6415094339622641,0.6863905325443787,0.7844827586206896
Andruw Monasterio,67.16808510638297,0.35106382978723405,0.2553191489361702,0.625,0.7446808510638298,0.7142857142857143
DJ LeMahieu,58.783695652173904,0.5217391304347826,0.5434782608695652,0.86,0.45652173913043476,0.8333333333333334
Dalton Rushing,68.69418604651163,0.45348837209302323,0.3023255813953488,0.6153846153846154,0.6976744186046512,0.7
Spencer Horwitz,63.029310344827586,0.3620689655172414,0.33448275862068966,0.6597938144329897,0.6655172413793103,0.7512953367875648
Robert Hassell III,62.617910447761204,0.41044776119402987,0.48507462686567165,0.676923076923077,0.5149253731343284,0.7246376811594203
Ronald Acuna Jr.,74.60296610169493,0.5254237288135594,0.3898305084745763,0.5652173913043478,0.6101694915254238,0.6597222222222222
Daylen Lile,65.8085501858736,0.40148698884758366,0.3308550185873606,0.6629213483146067,0.6691449814126395,0.7333333333333333
Denzel Clarke,70.75168539325843,0.42696629213483145,0.48314606741573035,0.6511627906976745,0.5168539325842697,0.6086956521739131
Matt Vierling,69.7590909090909,0.45454545454545453,0.3333333333333333,0.7727272727272727,0.6666666666666666,0.75
Marcelo Mayer,69.73333333333332,0.5172413793103449,0.4482758620689655,0.6410256410256411,0.5517241379310345,0.625
Alejandro Osuna,68.14017094017093,0.37606837606837606,0.39316239316239315,0.6086956521739131,0.6068376068376068,0.6056338028169014
Nick Loftin,63.88951048951049,0.34265734265734266,0.36363636363636365,0.5769230769230769,0.6363636363636364,0.7362637362637363
Willie MacIver,69.02666666666667,0.37333333333333335,0.44,0.6666666666666666,0.56,0.6190476190476191
Reese McGuire,65.44537037037037,0.37037037037037035,0.37962962962962965,0.5853658536585366,0.6203703703703703,0.6865671641791045
John Rave,65.90642201834862,0.4036697247706422,0.4954128440366973,0.5925925925925926,0.5045871559633027,0.6545454545454545
Wenceel Perez,67.65190839694657,0.40076335877862596,0.30916030534351147,0.7530864197530864,0.6908396946564885,0.7679558011049724
Thairo Estrada,68.65153846153846,0.3076923076923077,0.46923076923076923,0.5737704918032787,0.5307692307692308,0.6231884057971014
Cole Young,64.4338888888889,0.3111111111111111,0.3277777777777778,0.6610169491525424,0.6722222222222223,0.6528925619834711
Ildemaro Vargas,66.1843137254902,0.37254901960784315,0.5686274509803921,0.7068965517241379,0.43137254901960786,0.7727272727272727
Parker Meadows,63.120740740740736,0.3111111111111111,0.3925925925925926,0.5849056603773585,0.6074074074074074,0.7682926829268293
David Fry,68.32045454545454,0.3977272727272727,0.3522727272727273,0.6451612903225806,0.6477272727272727,0.7368421052631579
Jac Caglianone,75.4493670886076,0.4240506329113924,0.45569620253164556,0.4305555555555556,0.5443037974683544,0.5930232558139535
Ronny Mauricio,73.83035714285714,0.4375,0.4375,0.5918367346938775,0.5625,0.6507936507936508
Heriberto Hernandez,71.74972375690608,0.4585635359116022,0.3756906077348066,0.5588235294117647,0.6243093922651933,0.6814159292035398
Dominic Smith,63.290361445783134,0.35542168674698793,0.3313253012048193,0.6545454545454545,0.6686746987951807,0.7657657657657657
Andrew Knizner,62.70434782608696,0.2318840579710145,0.463768115942029,0.5625,0.5362318840579711,0.5405405405405406
Kyle Teel,66.37696629213482,0.37640449438202245,0.29775280898876405,0.660377358490566,0.702247191011236,0.696
Ryan Ritter,60.49384615384615,0.3076923076923077,0.47692307692307695,0.4838709677419355,0.5230769230769231,0.6764705882352942
Jahmai Jones,65.72886597938144,0.5360824742268041,0.31958762886597936,0.6129032258064516,0.6804123711340206,0.7121212121212122
Otto Kemp,67.21060606060605,0.44696969696969696,0.36363636363636365,0.5625,0.6363636363636364,0.75
Roman Anthony,67.5421965317919,0.6069364161849711,0.47398843930635837,0.7195121951219512,0.5260115606936416,0.7692307692307693
Christian Moore,70.06568627450982,0.3627450980392157,0.37254901960784315,0.5789473684210527,0.6274509803921569,0.609375
Cooper Hummel,69.03275862068966,0.3793103448275862,0.4482758620689655,0.7307692307692307,0.5517241379310345,0.8125
Giancarlo Stanton,77.32532467532467,0.551948051948052,0.33766233766233766,0.5769230769230769,0.6623376623376623,0.6274509803921569
Brady House,71.07700534759358,0.46524064171123,0.41711229946524064,0.5512820512820513,0.5828877005347594,0.7614678899082569
Bryce Johnson,53.82666666666667,0.3333333333333333,0.43333333333333335,0.6538461538461539,0.5666666666666667,0.7647058823529411
Nate Eaton,71.159375,0.375,0.484375,0.7096774193548387,0.515625,0.45454545454545453
James McCann,65.43695652173913,0.5217391304347826,0.44565217391304346,0.6829268292682927,0.5543478260869565,0.7254901960784313
Jose Fermin,57.47254901960784,0.29411764705882354,0.37254901960784315,0.8421052631578947,0.6274509803921569,0.6875
Taylor Trammell,68.3987012987013,0.4025974025974026,0.4155844155844156,0.625,0.5844155844155844,0.6666666666666666
Michael Helman,63.25061728395062,0.24691358024691357,0.37037037037037035,0.6,0.6296296296296297,0.5490196078431373
Colby Thomas,73.11066666666667,0.49333333333333335,0.3466666666666667,0.5,0.6533333333333333,0.7142857142857143
Yanquiel Fernandez,71.71808510638299,0.3723404255319149,0.44680851063829785,0.5238095238095238,0.5531914893617021,0.6153846153846154
Blaze Alexander,65.57567567567568,0.43243243243243246,0.47297297297297297,0.5142857142857142,0.527027027027027,0.8076923076923077
Ha-seong Kim,67.35298507462686,0.43283582089552236,0.3582089552238806,0.6875,0.6417910447761194,0.7441860465116279
Colson Montgomery,75.42138728323698,0.44508670520231214,0.32947976878612717,0.47368421052631576,0.6705202312138728,0.5603448275862069
Joey Loperfido,68.38000000000001,0.37142857142857144,0.37142857142857144,0.6538461538461539,0.6285714285714286,0.6363636363636364
Masataka Yoshida,71.16047904191616,0.4431137724550898,0.5389221556886228,0.7222222222222222,0.46107784431137727,0.7142857142857143
Alex Jackson,75.84629629629632,0.4074074074074074,0.3333333333333333,0.4444444444444444,0.6666666666666666,0.5555555555555556
Nacho Alvarez Jr.,60.53450704225353,0.2676056338028169,0.34507042253521125,0.6938775510204082,0.6549295774647887,0.6344086021505376
Adrian Del Castillo,69.26799999999999,0.49333333333333335,0.28,0.6190476190476191,0.72,0.6666666666666666
Blake Perkins,64.34766355140187,0.34579439252336447,0.45794392523364486,0.6530612244897959,0.5420560747663551,0.7931034482758621
Cody Freeman,64.17999999999999,0.2631578947368421,0.42105263157894735,0.575,0.5789473684210527,0.7454545454545455
Carlos Cortes,64.74736842105263,0.4473684210526316,0.34210526315789475,0.5769230769230769,0.6578947368421053,0.74
Warming Bernabel,65.38245614035087,0.32456140350877194,0.41228070175438597,0.7021276595744681,0.5877192982456141,0.5671641791044776
Tristan Gray,69.59180327868853,0.4426229508196721,0.29508196721311475,0.5,0.7049180327868853,0.6976744186046512
Darell Hernaiz,62.9974358974359,0.30128205128205127,0.4551282051282051,0.6197183098591549,0.5448717948717948,0.6823529411764706
Troy Johnston,69.3164705882353,0.4117647058823529,0.32941176470588235,0.6785714285714286,0.6705882352941176,0.6491228070175439
Alex Freeland,64.38,0.38,0.34,0.5882352941176471,0.66,0.7575757575757576
Austin Martin,58.45669291338583,0.3858267716535433,0.47244094488188976,0.6166666666666667,0.5275590551181102,0.7164179104477612
Jeremiah Jackson,68.55749999999999,0.4666666666666667,0.475,0.5789473684210527,0.525,0.746031746031746
Tyler Locklear,69.78166666666668,0.4166666666666667,0.5333333333333333,0.5,0.4666666666666667,0.6785714285714286
Jakob Marsee,68.38757763975156,0.4161490683229814,0.40372670807453415,0.6461538461538462,0.5962732919254659,0.6770833333333334
Bryce Teodosio,62.03297872340425,0.26595744680851063,0.425531914893617,0.625,0.574468085106383,0.6481481481481481
C.J. Kayfus,67.51954022988505,0.367816091954023,0.2988505747126437,0.5769230769230769,0.7011494252873564,0.6885245901639344
Drew Gilbert,70.4148148148148,0.35802469135802467,0.43209876543209874,0.5428571428571428,0.5679012345679012,0.5217391304347826
Kyle Karros,63.02474226804123,0.3402061855670103,0.4536082474226804,0.5909090909090909,0.5463917525773195,0.660377358490566
Brett Harris,67.54814814814816,0.2777777777777778,0.48148148148148145,0.6923076923076923,0.5185185185185185,0.4642857142857143
Dylan Beavers,70.74133333333333,0.28,0.28,0.6666666666666666,0.72,0.6296296296296297
Samuel Basallo,72.85316455696203,0.43037974683544306,0.4177215189873418,0.6060606060606061,0.5822784810126582,0.5217391304347826
Carson Williams,71.575,0.35714285714285715,0.48214285714285715,0.48148148148148145,0.5178571428571429,0.4482758620689655
Nick Yorke,67.8962962962963,0.3888888888888889,0.4444444444444444,0.5833333333333334,0.5555555555555556,0.5
